"","Country","Articles","Word"
"1","United States",1178,"water management"
"2","China",341,"water management"
"3","Netherlands",332,"water management"
"4","Australia",317,"water management"
"5","Germany",301,"water management"
"6","United Kingdom",287,"water management"
"7","France",223,"water management"
"8","Canada",208,"water management"
"9","Spain",205,"water management"
"10","Italy",176,"water management"
"11","India",170,"water management"
"12","Japan",142,"water management"
"13","Brazil",128,"water management"
"14","South Korea",81,"water management"
"15","Greece",77,"water management"
"16","Sweden",76,"water management"
"17","South Africa",73,"water management"
"18","Mexico",70,"water management"
"19","Iran",59,"water management"
"20","Switzerland",59,"water management"
"21","Poland",56,"water management"
"22","Taiwan",53,"water management"
"23","Belgium",51,"water management"
"24","Thailand",44,"water management"
"25","Turkey",44,"water management"
"26","Portugal",42,"water management"
"27","Sri Lanka",41,"water management"
"28","Austria",40,"water management"
"29","Israel",40,"water management"
"30","Slovenia",40,"water management"
"31","New Zealand",35,"water management"
"32","Russian Federation",34,"water management"
"33","Hungary",33,"water management"
"34","Egypt",32,"water management"
"35","Denmark",30,"water management"
"36","Czech Republic",26,"water management"
"37","Malaysia",26,"water management"
"38","Romania",26,"water management"
"39","Uzbekistan",25,"water management"
"40","Norway",24,"water management"
"41","Jordan",22,"water management"
"42","Bangladesh",20,"water management"
"43","Singapore",20,"water management"
"44","Ethiopia",19,"water management"
"45","Finland",19,"water management"
"46","Ghana",18,"water management"
"47","Hong Kong",18,"water management"
"48","Pakistan",18,"water management"
"49","Saudi Arabia",18,"water management"
"50","Chile",16,"water management"
"51","Croatia",16,"water management"
"52","Philippines",16,"water management"
"53","Argentina",15,"water management"
"54","Indonesia",15,"water management"
"55","Tunisia",14,"water management"
"56","Colombia",13,"water management"
"57","Tanzania",13,"water management"
"58","Ireland",12,"water management"
"59","Viet Nam",12,"water management"
"60","Morocco",11,"water management"
"61","Nigeria",11,"water management"
"62","Algeria",10,"water management"
"63","Serbia",10,"water management"
"64","United Arab Emirates",10,"water management"
"65","Lebanon",9,"water management"
"66","Nepal",9,"water management"
"67","Ukraine",9,"water management"
"68","Kenya",8,"water management"
"69","Kuwait",8,"water management"
"70","Palestine",8,"water management"
"71","Zimbabwe",8,"water management"
"72","Benin",7,"water management"
"73","Botswana",7,"water management"
"74","Burkina Faso",7,"water management"
"75","Mali",7,"water management"
"76","Slovakia",7,"water management"
"77","Ecuador",6,"water management"
"78","Laos",6,"water management"
"79","Cyprus",5,"water management"
"80","Kazakhstan",5,"water management"
"81","Lithuania",5,"water management"
"82","Albania",4,"water management"
"83","Cambodia",4,"water management"
"84","Luxembourg",4,"water management"
"85","Macedonia",4,"water management"
"86","New Caledonia",4,"water management"
"87","Peru",4,"water management"
"88","Senegal",4,"water management"
"89","Sudan",4,"water management"
"90","Syrian Arab Republic",4,"water management"
"91","Bolivia",3,"water management"
"92","Bulgaria",3,"water management"
"93","Estonia",3,"water management"
"94","Mozambique",3,"water management"
"95","Niger",3,"water management"
"96","Oman",3,"water management"
"97","Costa Rica",2,"water management"
"98","Iraq",2,"water management"
"99","Montenegro",2,"water management"
"100","Rwanda",2,"water management"
"101","Swaziland",2,"water management"
"102","Uruguay",2,"water management"
"103","Venezuela",2,"water management"
"104","Zambia",2,"water management"
"105","Afghanistan",1,"water management"
"106","Bahrain",1,"water management"
"107","Barbados",1,"water management"
"108","Belarus",1,"water management"
"109","Belize",1,"water management"
"110","Bhutan",1,"water management"
"111","Cameroon",1,"water management"
"112","Chad",1,"water management"
"113","Cuba",1,"water management"
"114","Guam",1,"water management"
"115","Kyrgyzstan",1,"water management"
"116","Latvia",1,"water management"
"117","Mauritania",1,"water management"
"118","Moldova",1,"water management"
"119","Mongolia",1,"water management"
"120","Nicaragua",1,"water management"
"121","Puerto Rico",1,"water management"
"122","Qatar",1,"water management"
"123","Tajikistan",1,"water management"
"124","Togo",1,"water management"
"125","Trinidad and Tobago",1,"water management"
"126","Turkmenistan",1,"water management"
"127","Uganda",1,"water management"
"128","Yemen",1,"water management"
"129","Undefined",95,"water management"
"130","China",426,"pollution control"
"131","United States",205,"pollution control"
"132","India",110,"pollution control"
"133","United Kingdom",83,"pollution control"
"134","Canada",57,"pollution control"
"135","Japan",53,"pollution control"
"136","Germany",43,"pollution control"
"137","Spain",37,"pollution control"
"138","Taiwan",37,"pollution control"
"139","France",32,"pollution control"
"140","Italy",32,"pollution control"
"141","South Korea",27,"pollution control"
"142","Brazil",22,"pollution control"
"143","Netherlands",20,"pollution control"
"144","Australia",16,"pollution control"
"145","Denmark",16,"pollution control"
"146","Sweden",16,"pollution control"
"147","Greece",15,"pollution control"
"148","Hong Kong",15,"pollution control"
"149","Iran",13,"pollution control"
"150","Poland",13,"pollution control"
"151","Romania",13,"pollution control"
"152","South Africa",13,"pollution control"
"153","Belgium",12,"pollution control"
"154","Finland",12,"pollution control"
"155","Mexico",12,"pollution control"
"156","Czech Republic",11,"pollution control"
"157","Turkey",11,"pollution control"
"158","Nigeria",10,"pollution control"
"159","Norway",10,"pollution control"
"160","Switzerland",10,"pollution control"
"161","Egypt",9,"pollution control"
"162","Estonia",9,"pollution control"
"163","Malaysia",9,"pollution control"
"164","Austria",8,"pollution control"
"165","Ireland",7,"pollution control"
"166","Russian Federation",7,"pollution control"
"167","Israel",5,"pollution control"
"168","Algeria",4,"pollution control"
"169","Pakistan",4,"pollution control"
"170","Serbia",4,"pollution control"
"171","Slovakia",4,"pollution control"
"172","Thailand",4,"pollution control"
"173","United Arab Emirates",4,"pollution control"
"174","Argentina",3,"pollution control"
"175","Bangladesh",3,"pollution control"
"176","Chile",3,"pollution control"
"177","Jordan",3,"pollution control"
"178","Latvia",3,"pollution control"
"179","Morocco",3,"pollution control"
"180","New Zealand",3,"pollution control"
"181","Portugal",3,"pollution control"
"182","Singapore",3,"pollution control"
"183","Sri Lanka",3,"pollution control"
"184","Bulgaria",2,"pollution control"
"185","Colombia",2,"pollution control"
"186","Croatia",2,"pollution control"
"187","Cuba",2,"pollution control"
"188","Philippines",2,"pollution control"
"189","Saudi Arabia",2,"pollution control"
"190","Slovenia",2,"pollution control"
"191","Tunisia",2,"pollution control"
"192","Ukraine",2,"pollution control"
"193","Zimbabwe",2,"pollution control"
"194","Cameroon",1,"pollution control"
"195","Costa Rica",1,"pollution control"
"196","Cyprus",1,"pollution control"
"197","Ethiopia",1,"pollution control"
"198","Ghana",1,"pollution control"
"199","Hungary",1,"pollution control"
"200","Iraq",1,"pollution control"
"201","Kuwait",1,"pollution control"
"202","Mozambique",1,"pollution control"
"203","Nepal",1,"pollution control"
"204","Palestine",1,"pollution control"
"205","Syrian Arab Republic",1,"pollution control"
"206","Tanzania",1,"pollution control"
"207","Undefined",31,"pollution control"
"208","United States",8723,"ecosystem"
"209","China",3909,"ecosystem"
"210","United Kingdom",2924,"ecosystem"
"211","Germany",2174,"ecosystem"
"212","Canada",2082,"ecosystem"
"213","Australia",1930,"ecosystem"
"214","France",1637,"ecosystem"
"215","Spain",1324,"ecosystem"
"216","Netherlands",1149,"ecosystem"
"217","Italy",1137,"ecosystem"
"218","Japan",991,"ecosystem"
"219","Sweden",950,"ecosystem"
"220","Switzerland",766,"ecosystem"
"221","Brazil",701,"ecosystem"
"222","India",647,"ecosystem"
"223","South Africa",592,"ecosystem"
"224","Russian Federation",541,"ecosystem"
"225","Finland",534,"ecosystem"
"226","Denmark",508,"ecosystem"
"227","New Zealand",498,"ecosystem"
"228","Norway",488,"ecosystem"
"229","Belgium",435,"ecosystem"
"230","Portugal",419,"ecosystem"
"231","Austria",343,"ecosystem"
"232","Argentina",336,"ecosystem"
"233","Mexico",326,"ecosystem"
"234","Poland",259,"ecosystem"
"235","Chile",256,"ecosystem"
"236","Greece",251,"ecosystem"
"237","South Korea",235,"ecosystem"
"238","Czech Republic",231,"ecosystem"
"239","Israel",208,"ecosystem"
"240","Ireland",204,"ecosystem"
"241","Kenya",164,"ecosystem"
"242","Romania",161,"ecosystem"
"243","Turkey",157,"ecosystem"
"244","Hungary",130,"ecosystem"
"245","Colombia",128,"ecosystem"
"246","Indonesia",116,"ecosystem"
"247","Malaysia",116,"ecosystem"
"248","Taiwan",112,"ecosystem"
"249","Thailand",90,"ecosystem"
"250","Slovakia",87,"ecosystem"
"251","Tanzania",87,"ecosystem"
"252","Estonia",83,"ecosystem"
"253","Ukraine",82,"ecosystem"
"254","Philippines",73,"ecosystem"
"255","Nigeria",65,"ecosystem"
"256","Hong Kong",64,"ecosystem"
"257","Singapore",64,"ecosystem"
"258","Iran",61,"ecosystem"
"259","Costa Rica",59,"ecosystem"
"260","Bulgaria",58,"ecosystem"
"261","Ecuador",58,"ecosystem"
"262","Panama",56,"ecosystem"
"263","Ethiopia",55,"ecosystem"
"264","Viet Nam",55,"ecosystem"
"265","Slovenia",54,"ecosystem"
"266","Saudi Arabia",47,"ecosystem"
"267","Egypt",46,"ecosystem"
"268","Bangladesh",44,"ecosystem"
"269","Croatia",44,"ecosystem"
"270","Iceland",43,"ecosystem"
"271","Puerto Rico",43,"ecosystem"
"272","Pakistan",41,"ecosystem"
"273","Lithuania",39,"ecosystem"
"274","Peru",39,"ecosystem"
"275","Morocco",37,"ecosystem"
"276","Venezuela",36,"ecosystem"
"277","New Caledonia",34,"ecosystem"
"278","Serbia",34,"ecosystem"
"279","Sri Lanka",33,"ecosystem"
"280","Nepal",30,"ecosystem"
"281","Tunisia",29,"ecosystem"
"282","Cuba",28,"ecosystem"
"283","Senegal",27,"ecosystem"
"284","Ghana",26,"ecosystem"
"285","Uruguay",26,"ecosystem"
"286","Namibia",25,"ecosystem"
"287","Algeria",24,"ecosystem"
"288","Bolivia",23,"ecosystem"
"289","Uganda",22,"ecosystem"
"290","Latvia",20,"ecosystem"
"291","Mongolia",19,"ecosystem"
"292","United Arab Emirates",19,"ecosystem"
"293","Zimbabwe",19,"ecosystem"
"294","Burkina Faso",18,"ecosystem"
"295","Laos",18,"ecosystem"
"296","Jordan",17,"ecosystem"
"297","Belarus",16,"ecosystem"
"298","Madagascar",16,"ecosystem"
"299","Zambia",16,"ecosystem"
"300","Kazakhstan",14,"ecosystem"
"301","Malawi",14,"ecosystem"
"302","Benin",13,"ecosystem"
"303","Botswana",13,"ecosystem"
"304","Cameroon",13,"ecosystem"
"305","French Guiana",13,"ecosystem"
"306","Kuwait",13,"ecosystem"
"307","Fiji",12,"ecosystem"
"308","French Polynesia",12,"ecosystem"
"309","Monaco",12,"ecosystem"
"310","Luxembourg",11,"ecosystem"
"311","Cote d'Ivoire",10,"ecosystem"
"312","Oman",10,"ecosystem"
"313","Uzbekistan",10,"ecosystem"
"314","Greenland",9,"ecosystem"
"315","Nicaragua",9,"ecosystem"
"316","Sudan",9,"ecosystem"
"317","Mali",8,"ecosystem"
"318","Papua New Guinea",8,"ecosystem"
"319","Seychelles",8,"ecosystem"
"320","Albania",7,"ecosystem"
"321","Azerbaijan",7,"ecosystem"
"322","Barbados",7,"ecosystem"
"323","Belize",7,"ecosystem"
"324","Cambodia",7,"ecosystem"
"325","Congo",7,"ecosystem"
"326","Jamaica",7,"ecosystem"
"327","Malta",7,"ecosystem"
"328","Mauritania",7,"ecosystem"
"329","Qatar",7,"ecosystem"
"330","Cyprus",6,"ecosystem"
"331","Lebanon",6,"ecosystem"
"332","Macedonia",6,"ecosystem"
"333","Samoa",6,"ecosystem"
"334","Angola",5,"ecosystem"
"335","Armenia",5,"ecosystem"
"336","Niger",5,"ecosystem"
"337","Reunion",5,"ecosystem"
"338","Trinidad and Tobago",5,"ecosystem"
"339","Central African Republic",4,"ecosystem"
"340","Faroe Islands",4,"ecosystem"
"341","Georgia",4,"ecosystem"
"342","Guam",4,"ecosystem"
"343","Kyrgyzstan",4,"ecosystem"
"344","Myanmar",4,"ecosystem"
"345","Solomon Islands",4,"ecosystem"
"346","Swaziland",4,"ecosystem"
"347","Syrian Arab Republic",4,"ecosystem"
"348","Bermuda",3,"ecosystem"
"349","Bosnia and Herzegovina",3,"ecosystem"
"350","Brunei Darussalam",3,"ecosystem"
"351","Guadeloupe",3,"ecosystem"
"352","Guatemala",3,"ecosystem"
"353","Mozambique",3,"ecosystem"
"354","Suriname",3,"ecosystem"
"355","Tajikistan",3,"ecosystem"
"356","Virgin Islands (U.S.)",3,"ecosystem"
"357","Yemen",3,"ecosystem"
"358","American Samoa",2,"ecosystem"
"359","Bahrain",2,"ecosystem"
"360","Bhutan",2,"ecosystem"
"361","Cape Verde",2,"ecosystem"
"362","Djibouti",2,"ecosystem"
"363","Dominican Republic",2,"ecosystem"
"364","El Salvador",2,"ecosystem"
"365","Equatorial Guinea",2,"ecosystem"
"366","Guinea",2,"ecosystem"
"367","Undefined",436,"ecosystem"
"368","Romania",211,"Danube"
"369","Hungary",124,"Danube"
"370","Austria",120,"Danube"
"371","Serbia",109,"Danube"
"372","Germany",90,"Danube"
"373","Slovakia",85,"Danube"
"374","Croatia",60,"Danube"
"375","France",46,"Danube"
"376","Bulgaria",44,"Danube"
"377","United Kingdom",43,"Danube"
"378","United States",42,"Danube"
"379","Czech Republic",36,"Danube"
"380","Ukraine",36,"Danube"
"381","Netherlands",27,"Danube"
"382","Italy",19,"Danube"
"383","Greece",15,"Danube"
"384","Slovenia",15,"Danube"
"385","Belgium",13,"Danube"
"386","Switzerland",13,"Danube"
"387","Canada",8,"Danube"
"388","Russian Federation",8,"Danube"
"389","Turkey",8,"Danube"
"390","Poland",7,"Danube"
"391","Spain",6,"Danube"
"392","Sweden",6,"Danube"
"393","Yugoslavia",6,"Danube"
"394","Portugal",5,"Danube"
"395","Australia",4,"Danube"
"396","Norway",4,"Danube"
"397","China",3,"Danube"
"398","Denmark",3,"Danube"
"399","Finland",3,"Danube"
"400","Lithuania",3,"Danube"
"401","Macedonia",3,"Danube"
"402","South Africa",3,"Danube"
"403","Bosnia and Herzegovina",2,"Danube"
"404","Brazil",2,"Danube"
"405","Ireland",2,"Danube"
"406","Japan",2,"Danube"
"407","Moldova",2,"Danube"
"408","Argentina",1,"Danube"
"409","India",1,"Danube"
"410","Iran",1,"Danube"
"411","Israel",1,"Danube"
"412","Lebanon",1,"Danube"
"413","Luxembourg",1,"Danube"
"414","Montenegro",1,"Danube"
"415","Morocco",1,"Danube"
"416","New Zealand",1,"Danube"
"417","Syrian Arab Republic",1,"Danube"
"418","Thailand",1,"Danube"
"419","Undefined",14,"Danube"
"420","Romania",80,"Danube Delta"
"421","France",13,"Danube Delta"
"422","Netherlands",10,"Danube Delta"
"423","Greece",8,"Danube Delta"
"424","Ukraine",6,"Danube Delta"
"425","Germany",5,"Danube Delta"
"426","United States",5,"Danube Delta"
"427","Italy",4,"Danube Delta"
"428","Switzerland",3,"Danube Delta"
"429","Belgium",2,"Danube Delta"
"430","Czech Republic",2,"Danube Delta"
"431","Brazil",1,"Danube Delta"
"432","Canada",1,"Danube Delta"
"433","Hungary",1,"Danube Delta"
"434","Japan",1,"Danube Delta"
"435","Lithuania",1,"Danube Delta"
"436","Macedonia",1,"Danube Delta"
"437","Russian Federation",1,"Danube Delta"
"438","Spain",1,"Danube Delta"
"439","United Kingdom",1,"Danube Delta"
"440","Undefined",2,"Danube Delta"
"441","United States",11792,"climate change"
"442","United Kingdom",5711,"climate change"
"443","Australia",3895,"climate change"
"444","China",3481,"climate change"
"445","Canada",3292,"climate change"
"446","Germany",3241,"climate change"
"447","France",1819,"climate change"
"448","Netherlands",1617,"climate change"
"449","Spain",1464,"climate change"
"450","Italy",1401,"climate change"
"451","Sweden",1381,"climate change"
"452","Switzerland",1197,"climate change"
"453","India",1077,"climate change"
"454","Norway",1042,"climate change"
"455","Japan",933,"climate change"
"456","Denmark",797,"climate change"
"457","Finland",787,"climate change"
"458","South Africa",679,"climate change"
"459","Brazil",634,"climate change"
"460","Austria",616,"climate change"
"461","New Zealand",591,"climate change"
"462","South Korea",545,"climate change"
"463","Belgium",499,"climate change"
"464","Russian Federation",491,"climate change"
"465","Portugal",407,"climate change"
"466","Poland",387,"climate change"
"467","Mexico",327,"climate change"
"468","Greece",286,"climate change"
"469","Czech Republic",276,"climate change"
"470","Hungary",265,"climate change"
"471","Turkey",243,"climate change"
"472","Malaysia",228,"climate change"
"473","Iran",225,"climate change"
"474","Taiwan",225,"climate change"
"475","Kenya",222,"climate change"
"476","Argentina",217,"climate change"
"477","Ireland",213,"climate change"
"478","Israel",193,"climate change"
"479","Chile",188,"climate change"
"480","Romania",166,"climate change"
"481","Thailand",158,"climate change"
"482","Singapore",145,"climate change"
"483","Indonesia",144,"climate change"
"484","Nigeria",143,"climate change"
"485","Bangladesh",141,"climate change"
"486","Hong Kong",138,"climate change"
"487","Colombia",129,"climate change"
"488","Estonia",115,"climate change"
"489","Philippines",111,"climate change"
"490","Egypt",96,"climate change"
"491","Viet Nam",91,"climate change"
"492","Nepal",87,"climate change"
"493","Pakistan",87,"climate change"
"494","Ethiopia",86,"climate change"
"495","Slovakia",82,"climate change"
"496","Slovenia",80,"climate change"
"497","Croatia",78,"climate change"
"498","Lithuania",75,"climate change"
"499","Peru",74,"climate change"
"500","Ghana",68,"climate change"
"501","Saudi Arabia",68,"climate change"
"502","Costa Rica",63,"climate change"
"503","Iceland",63,"climate change"
"504","Bulgaria",57,"climate change"
"505","Sri Lanka",57,"climate change"
"506","Tanzania",57,"climate change"
"507","Serbia",56,"climate change"
"508","Panama",53,"climate change"
"509","Greenland",48,"climate change"
"510","Uganda",46,"climate change"
"511","Morocco",44,"climate change"
"512","Fiji",42,"climate change"
"513","Zimbabwe",42,"climate change"
"514","Cameroon",41,"climate change"
"515","United Arab Emirates",40,"climate change"
"516","Botswana",39,"climate change"
"517","Ecuador",38,"climate change"
"518","Jordan",37,"climate change"
"519","Tunisia",37,"climate change"
"520","Latvia",36,"climate change"
"521","Uruguay",36,"climate change"
"522","Cyprus",35,"climate change"
"523","Ukraine",35,"climate change"
"524","Burkina Faso",34,"climate change"
"525","Senegal",31,"climate change"
"526","Luxembourg",29,"climate change"
"527","Puerto Rico",29,"climate change"
"528","Mali",26,"climate change"
"529","Bolivia",25,"climate change"
"530","Laos",25,"climate change"
"531","Oman",25,"climate change"
"532","Venezuela",24,"climate change"
"533","Algeria",23,"climate change"
"534","Benin",23,"climate change"
"535","Malawi",22,"climate change"
"536","Trinidad and Tobago",22,"climate change"
"537","Uzbekistan",22,"climate change"
"538","Georgia",21,"climate change"
"539","Mongolia",21,"climate change"
"540","Lebanon",20,"climate change"
"541","Jamaica",19,"climate change"
"542","Niger",19,"climate change"
"543","Cuba",18,"climate change"
"544","Nicaragua",18,"climate change"
"545","Cambodia",15,"climate change"
"546","Kazakhstan",14,"climate change"
"547","Mauritius",14,"climate change"
"548","Barbados",13,"climate change"
"549","Macedonia",13,"climate change"
"550","Monaco",13,"climate change"
"551","Namibia",13,"climate change"
"552","New Caledonia",12,"climate change"
"553","Zambia",12,"climate change"
"554","Bahrain",11,"climate change"
"555","Bosnia and Herzegovina",11,"climate change"
"556","Madagascar",11,"climate change"
"557","Mozambique",11,"climate change"
"558","Sudan",11,"climate change"
"559","Syrian Arab Republic",11,"climate change"
"560","Brunei Darussalam",10,"climate change"
"561","Kyrgyzstan",10,"climate change"
"562","Palestine",10,"climate change"
"563","Belarus",9,"climate change"
"564","Congo",9,"climate change"
"565","Kuwait",9,"climate change"
"566","Bermuda",8,"climate change"
"567","French Polynesia",8,"climate change"
"568","Guatemala",8,"climate change"
"569","Qatar",8,"climate change"
"570","Rwanda",8,"climate change"
"571","Swaziland",8,"climate change"
"572","Belize",7,"climate change"
"573","Iraq",7,"climate change"
"574","Malta",7,"climate change"
"575","Albania",6,"climate change"
"576","Armenia",6,"climate change"
"577","Falkland Islands (Malvinas)",6,"climate change"
"578","Papua New Guinea",6,"climate change"
"579","Dominican Republic",5,"climate change"
"580","Faroe Islands",5,"climate change"
"581","Federated States of Micronesia",5,"climate change"
"582","Mauritania",5,"climate change"
"583","Samoa",5,"climate change"
"584","Seychelles",5,"climate change"
"585","Solomon Islands",5,"climate change"
"586","Tajikistan",5,"climate change"
"587","Andorra",4,"climate change"
"588","Azerbaijan",4,"climate change"
"589","Bhutan",4,"climate change"
"590","Cayman Islands",4,"climate change"
"591","Cote d'Ivoire",4,"climate change"
"592","Grenada",4,"climate change"
"593","Honduras",4,"climate change"
"594","Moldova",4,"climate change"
"595","Angola",3,"climate change"
"596","Bahamas",3,"climate change"
"597","French Guiana",3,"climate change"
"598","Gabon",3,"climate change"
"599","Guyana",3,"climate change"
"600","Undefined",685,"climate change"
"601","China",971,"environmental protection"
"602","United States",336,"environmental protection"
"603","United Kingdom",107,"environmental protection"
"604","Germany",98,"environmental protection"
"605","Poland",95,"environmental protection"
"606","Romania",93,"environmental protection"
"607","Japan",53,"environmental protection"
"608","Australia",47,"environmental protection"
"609","Croatia",45,"environmental protection"
"610","Russian Federation",42,"environmental protection"
"611","Canada",41,"environmental protection"
"612","Italy",39,"environmental protection"
"613","Taiwan",36,"environmental protection"
"614","India",35,"environmental protection"
"615","Brazil",34,"environmental protection"
"616","Slovenia",33,"environmental protection"
"617","France",32,"environmental protection"
"618","Greece",31,"environmental protection"
"619","Hungary",30,"environmental protection"
"620","Czech Republic",28,"environmental protection"
"621","Serbia",25,"environmental protection"
"622","Hong Kong",23,"environmental protection"
"623","Netherlands",21,"environmental protection"
"624","Spain",21,"environmental protection"
"625","Turkey",21,"environmental protection"
"626","Austria",19,"environmental protection"
"627","Finland",19,"environmental protection"
"628","Slovakia",19,"environmental protection"
"629","Switzerland",19,"environmental protection"
"630","Malaysia",18,"environmental protection"
"631","Norway",17,"environmental protection"
"632","Sweden",11,"environmental protection"
"633","Iran",10,"environmental protection"
"634","Lithuania",10,"environmental protection"
"635","Ukraine",10,"environmental protection"
"636","New Zealand",9,"environmental protection"
"637","Denmark",8,"environmental protection"
"638","South Africa",8,"environmental protection"
"639","Bulgaria",7,"environmental protection"
"640","Kazakhstan",7,"environmental protection"
"641","South Korea",7,"environmental protection"
"642","Indonesia",6,"environmental protection"
"643","Nigeria",6,"environmental protection"
"644","Portugal",6,"environmental protection"
"645","Argentina",5,"environmental protection"
"646","Jordan",5,"environmental protection"
"647","Algeria",4,"environmental protection"
"648","Estonia",4,"environmental protection"
"649","Israel",4,"environmental protection"
"650","Mexico",4,"environmental protection"
"651","Pakistan",4,"environmental protection"
"652","Saudi Arabia",4,"environmental protection"
"653","Albania",3,"environmental protection"
"654","Belgium",3,"environmental protection"
"655","Egypt",3,"environmental protection"
"656","Ireland",3,"environmental protection"
"657","Morocco",3,"environmental protection"
"658","Thailand",3,"environmental protection"
"659","Tunisia",3,"environmental protection"
"660","Belarus",2,"environmental protection"
"661","Colombia",2,"environmental protection"
"662","Costa Rica",2,"environmental protection"
"663","Cuba",2,"environmental protection"
"664","Georgia",2,"environmental protection"
"665","Guyana",2,"environmental protection"
"666","Kuwait",2,"environmental protection"
"667","Oman",2,"environmental protection"
"668","Tanzania",2,"environmental protection"
"669","Viet Nam",2,"environmental protection"
"670","Armenia",1,"environmental protection"
"671","Bangladesh",1,"environmental protection"
"672","Benin",1,"environmental protection"
"673","Bosnia and Herzegovina",1,"environmental protection"
"674","Chile",1,"environmental protection"
"675","Ecuador",1,"environmental protection"
"676","Ethiopia",1,"environmental protection"
"677","Iraq",1,"environmental protection"
"678","Kenya",1,"environmental protection"
"679","Latvia",1,"environmental protection"
"680","Macao",1,"environmental protection"
"681","Macedonia",1,"environmental protection"
"682","Martinique",1,"environmental protection"
"683","Montenegro",1,"environmental protection"
"684","Nepal",1,"environmental protection"
"685","Rwanda",1,"environmental protection"
"686","Tajikistan",1,"environmental protection"
"687","United Arab Emirates",1,"environmental protection"
"688","Uzbekistan",1,"environmental protection"
"689","Vanuatu",1,"environmental protection"
"690","Yugoslavia",1,"environmental protection"
"691","Undefined",103,"environmental protection"
"692","United States",5089,"biodiversity"
"693","United Kingdom",2817,"biodiversity"
"694","Germany",2000,"biodiversity"
"695","Australia",1715,"biodiversity"
"696","France",1631,"biodiversity"
"697","Brazil",1404,"biodiversity"
"698","Italy",1353,"biodiversity"
"699","Canada",1314,"biodiversity"
"700","China",1193,"biodiversity"
"701","Spain",1085,"biodiversity"
"702","Netherlands",900,"biodiversity"
"703","India",795,"biodiversity"
"704","Switzerland",794,"biodiversity"
"705","Sweden",659,"biodiversity"
"706","South Africa",535,"biodiversity"
"707","Belgium",475,"biodiversity"
"708","Finland",473,"biodiversity"
"709","Japan",470,"biodiversity"
"710","Poland",442,"biodiversity"
"711","New Zealand",432,"biodiversity"
"712","Mexico",414,"biodiversity"
"713","Russian Federation",371,"biodiversity"
"714","Norway",354,"biodiversity"
"715","Denmark",326,"biodiversity"
"716","Portugal",322,"biodiversity"
"717","Austria",304,"biodiversity"
"718","Czech Republic",293,"biodiversity"
"719","Argentina",274,"biodiversity"
"720","Turkey",254,"biodiversity"
"721","Greece",221,"biodiversity"
"722","Colombia",198,"biodiversity"
"723","Ireland",181,"biodiversity"
"724","Malaysia",174,"biodiversity"
"725","Thailand",159,"biodiversity"
"726","Chile",153,"biodiversity"
"727","Israel",149,"biodiversity"
"728","Hungary",148,"biodiversity"
"729","Indonesia",147,"biodiversity"
"730","Kenya",129,"biodiversity"
"731","Iran",127,"biodiversity"
"732","Romania",127,"biodiversity"
"733","Estonia",124,"biodiversity"
"734","Taiwan",113,"biodiversity"
"735","Costa Rica",112,"biodiversity"
"736","South Korea",111,"biodiversity"
"737","Philippines",109,"biodiversity"
"738","Singapore",90,"biodiversity"
"739","Tanzania",82,"biodiversity"
"740","Ecuador",79,"biodiversity"
"741","Pakistan",78,"biodiversity"
"742","Venezuela",77,"biodiversity"
"743","Slovenia",76,"biodiversity"
"744","Croatia",74,"biodiversity"
"745","Panama",74,"biodiversity"
"746","Slovakia",72,"biodiversity"
"747","Hong Kong",67,"biodiversity"
"748","Nigeria",66,"biodiversity"
"749","Ukraine",64,"biodiversity"
"750","Egypt",59,"biodiversity"
"751","Saudi Arabia",59,"biodiversity"
"752","Madagascar",58,"biodiversity"
"753","Tunisia",56,"biodiversity"
"754","Viet Nam",55,"biodiversity"
"755","Cameroon",54,"biodiversity"
"756","Serbia",53,"biodiversity"
"757","Morocco",51,"biodiversity"
"758","Peru",50,"biodiversity"
"759","Bangladesh",49,"biodiversity"
"760","Bolivia",48,"biodiversity"
"761","Bulgaria",48,"biodiversity"
"762","Ethiopia",45,"biodiversity"
"763","Nepal",42,"biodiversity"
"764","Uganda",40,"biodiversity"
"765","Puerto Rico",39,"biodiversity"
"766","Ghana",38,"biodiversity"
"767","Cuba",37,"biodiversity"
"768","Benin",35,"biodiversity"
"769","Sri Lanka",35,"biodiversity"
"770","Uruguay",32,"biodiversity"
"771","New Caledonia",28,"biodiversity"
"772","Lithuania",27,"biodiversity"
"773","Jordan",24,"biodiversity"
"774","Cote d'Ivoire",23,"biodiversity"
"775","Algeria",21,"biodiversity"
"776","Namibia",21,"biodiversity"
"777","Congo",20,"biodiversity"
"778","Laos",20,"biodiversity"
"779","Albania",19,"biodiversity"
"780","Burkina Faso",19,"biodiversity"
"781","Senegal",19,"biodiversity"
"782","Iceland",18,"biodiversity"
"783","Fiji",17,"biodiversity"
"784","Kuwait",17,"biodiversity"
"785","Latvia",17,"biodiversity"
"786","Lebanon",16,"biodiversity"
"787","Syrian Arab Republic",16,"biodiversity"
"788","Zimbabwe",16,"biodiversity"
"789","French Guiana",14,"biodiversity"
"790","Mali",14,"biodiversity"
"791","United Arab Emirates",14,"biodiversity"
"792","Botswana",13,"biodiversity"
"793","Brunei Darussalam",13,"biodiversity"
"794","Jamaica",13,"biodiversity"
"795","Malawi",13,"biodiversity"
"796","Nicaragua",13,"biodiversity"
"797","Oman",13,"biodiversity"
"798","Papua New Guinea",13,"biodiversity"
"799","Mongolia",12,"biodiversity"
"800","Montenegro",12,"biodiversity"
"801","Bosnia and Herzegovina",11,"biodiversity"
"802","Cyprus",11,"biodiversity"
"803","Mauritius",11,"biodiversity"
"804","Togo",11,"biodiversity"
"805","Gabon",10,"biodiversity"
"806","Georgia",10,"biodiversity"
"807","Greenland",9,"biodiversity"
"808","Azerbaijan",8,"biodiversity"
"809","Guatemala",8,"biodiversity"
"810","Macedonia",8,"biodiversity"
"811","Mozambique",8,"biodiversity"
"812","Myanmar",8,"biodiversity"
"813","Rwanda",8,"biodiversity"
"814","Solomon Islands",8,"biodiversity"
"815","Cambodia",7,"biodiversity"
"816","French Polynesia",7,"biodiversity"
"817","Guinea",7,"biodiversity"
"818","Luxembourg",7,"biodiversity"
"819","Niger",7,"biodiversity"
"820","Trinidad and Tobago",7,"biodiversity"
"821","Zambia",7,"biodiversity"
"822","Bahamas",6,"biodiversity"
"823","Armenia",5,"biodiversity"
"824","Barbados",5,"biodiversity"
"825","Dominican Republic",5,"biodiversity"
"826","Guyana",5,"biodiversity"
"827","Malta",5,"biodiversity"
"828","Belarus",4,"biodiversity"
"829","Bhutan",4,"biodiversity"
"830","Burundi",4,"biodiversity"
"831","El Salvador",4,"biodiversity"
"832","Equatorial Guinea",4,"biodiversity"
"833","Guam",4,"biodiversity"
"834","Honduras",4,"biodiversity"
"835","Mauritania",4,"biodiversity"
"836","Moldova",4,"biodiversity"
"837","Palestine",4,"biodiversity"
"838","Qatar",4,"biodiversity"
"839","Seychelles",4,"biodiversity"
"840","Sierra Leone",4,"biodiversity"
"841","Sudan",4,"biodiversity"
"842","Swaziland",4,"biodiversity"
"843","Uzbekistan",4,"biodiversity"
"844","Yemen",4,"biodiversity"
"845","Bahrain",3,"biodiversity"
"846","Belize",3,"biodiversity"
"847","Falkland Islands (Malvinas)",3,"biodiversity"
"848","Federated States of Micronesia",3,"biodiversity"
"849","Kyrgyzstan",3,"biodiversity"
"850","Marshall Islands",3,"biodiversity"
"851","Undefined",290,"biodiversity"
"852","United Kingdom",262,"flood risk"
"853","Netherlands",171,"flood risk"
"854","Germany",115,"flood risk"
"855","China",107,"flood risk"
"856","United States",96,"flood risk"
"857","Italy",79,"flood risk"
"858","France",41,"flood risk"
"859","Japan",39,"flood risk"
"860","Spain",38,"flood risk"
"861","Canada",35,"flood risk"
"862","Austria",28,"flood risk"
"863","Australia",27,"flood risk"
"864","Belgium",23,"flood risk"
"865","Switzerland",22,"flood risk"
"866","Poland",19,"flood risk"
"867","Czech Republic",17,"flood risk"
"868","Slovakia",16,"flood risk"
"869","South Korea",14,"flood risk"
"870","Sweden",13,"flood risk"
"871","Denmark",11,"flood risk"
"872","Norway",11,"flood risk"
"873","Thailand",11,"flood risk"
"874","India",9,"flood risk"
"875","Iran",9,"flood risk"
"876","Brazil",8,"flood risk"
"877","Greece",8,"flood risk"
"878","Romania",8,"flood risk"
"879","Malaysia",7,"flood risk"
"880","Portugal",7,"flood risk"
"881","Taiwan",7,"flood risk"
"882","Bangladesh",6,"flood risk"
"883","Mexico",6,"flood risk"
"884","Hungary",5,"flood risk"
"885","Luxembourg",5,"flood risk"
"886","South Africa",5,"flood risk"
"887","Argentina",4,"flood risk"
"888","Finland",4,"flood risk"
"889","Indonesia",4,"flood risk"
"890","New Zealand",4,"flood risk"
"891","Russian Federation",4,"flood risk"
"892","Singapore",4,"flood risk"
"893","Turkey",4,"flood risk"
"894","Hong Kong",3,"flood risk"
"895","Ireland",3,"flood risk"
"896","Trinidad and Tobago",3,"flood risk"
"897","Botswana",2,"flood risk"
"898","Bulgaria",2,"flood risk"
"899","Colombia",2,"flood risk"
"900","Jamaica",2,"flood risk"
"901","Kenya",2,"flood risk"
"902","Latvia",2,"flood risk"
"903","Nepal",2,"flood risk"
"904","Nigeria",2,"flood risk"
"905","Slovenia",2,"flood risk"
"906","Viet Nam",2,"flood risk"
"907","Benin",1,"flood risk"
"908","Cameroon",1,"flood risk"
"909","Chile",1,"flood risk"
"910","Croatia",1,"flood risk"
"911","Estonia",1,"flood risk"
"912","Ethiopia",1,"flood risk"
"913","Ghana",1,"flood risk"
"914","Iceland",1,"flood risk"
"915","Israel",1,"flood risk"
"916","Jordan",1,"flood risk"
"917","Kazakhstan",1,"flood risk"
"918","Lithuania",1,"flood risk"
"919","Morocco",1,"flood risk"
"920","Mozambique",1,"flood risk"
"921","Pakistan",1,"flood risk"
"922","Philippines",1,"flood risk"
"923","Rwanda",1,"flood risk"
"924","Saudi Arabia",1,"flood risk"
"925","Sri Lanka",1,"flood risk"
"926","Syrian Arab Republic",1,"flood risk"
"927","Tunisia",1,"flood risk"
"928","Ukraine",1,"flood risk"
"929","Undefined",37,"flood risk"
"930","China",2585,"sustainable development"
"931","United States",1775,"sustainable development"
"932","United Kingdom",1284,"sustainable development"
"933","Australia",612,"sustainable development"
"934","Canada",582,"sustainable development"
"935","France",563,"sustainable development"
"936","Germany",519,"sustainable development"
"937","Romania",421,"sustainable development"
"938","Brazil",414,"sustainable development"
"939","Netherlands",407,"sustainable development"
"940","Sweden",380,"sustainable development"
"941","Spain",379,"sustainable development"
"942","India",374,"sustainable development"
"943","Italy",336,"sustainable development"
"944","Poland",310,"sustainable development"
"945","Malaysia",236,"sustainable development"
"946","Switzerland",215,"sustainable development"
"947","Greece",212,"sustainable development"
"948","South Africa",196,"sustainable development"
"949","Japan",189,"sustainable development"
"950","Russian Federation",174,"sustainable development"
"951","Iran",167,"sustainable development"
"952","Turkey",167,"sustainable development"
"953","Belgium",164,"sustainable development"
"954","Austria",159,"sustainable development"
"955","Finland",159,"sustainable development"
"956","Slovenia",156,"sustainable development"
"957","Lithuania",155,"sustainable development"
"958","Taiwan",143,"sustainable development"
"959","Hong Kong",130,"sustainable development"
"960","Portugal",126,"sustainable development"
"961","New Zealand",118,"sustainable development"
"962","Croatia",114,"sustainable development"
"963","Norway",112,"sustainable development"
"964","Czech Republic",106,"sustainable development"
"965","Denmark",105,"sustainable development"
"966","Mexico",99,"sustainable development"
"967","Nigeria",98,"sustainable development"
"968","Ukraine",96,"sustainable development"
"969","South Korea",95,"sustainable development"
"970","Serbia",87,"sustainable development"
"971","Egypt",66,"sustainable development"
"972","Hungary",61,"sustainable development"
"973","Thailand",60,"sustainable development"
"974","Ireland",59,"sustainable development"
"975","Singapore",56,"sustainable development"
"976","Slovakia",53,"sustainable development"
"977","Latvia",48,"sustainable development"
"978","Indonesia",45,"sustainable development"
"979","Colombia",43,"sustainable development"
"980","Chile",41,"sustainable development"
"981","Algeria",39,"sustainable development"
"982","Pakistan",39,"sustainable development"
"983","Philippines",33,"sustainable development"
"984","Kenya",32,"sustainable development"
"985","Saudi Arabia",27,"sustainable development"
"986","United Arab Emirates",26,"sustainable development"
"987","Bangladesh",25,"sustainable development"
"988","Israel",25,"sustainable development"
"989","Argentina",23,"sustainable development"
"990","Kazakhstan",22,"sustainable development"
"991","Viet Nam",20,"sustainable development"
"992","Bulgaria",18,"sustainable development"
"993","Cyprus",18,"sustainable development"
"994","Tunisia",18,"sustainable development"
"995","Venezuela",18,"sustainable development"
"996","Botswana",16,"sustainable development"
"997","Ghana",16,"sustainable development"
"998","Peru",15,"sustainable development"
"999","Morocco",14,"sustainable development"
"1000","Oman",14,"sustainable development"
"1001","Sri Lanka",13,"sustainable development"
"1002","Tanzania",12,"sustainable development"
"1003","Costa Rica",11,"sustainable development"
"1004","Ethiopia",11,"sustainable development"
"1005","Georgia",10,"sustainable development"
"1006","Malta",10,"sustainable development"
"1007","Cameroon",9,"sustainable development"
"1008","Fiji",9,"sustainable development"
"1009","Lebanon",9,"sustainable development"
"1010","Nepal",9,"sustainable development"
"1011","Senegal",9,"sustainable development"
"1012","Trinidad and Tobago",9,"sustainable development"
"1013","Zimbabwe",9,"sustainable development"
"1014","Cuba",8,"sustainable development"
"1015","Ecuador",8,"sustainable development"
"1016","Uganda",8,"sustainable development"
"1017","Jamaica",6,"sustainable development"
"1018","Jordan",6,"sustainable development"
"1019","Kuwait",6,"sustainable development"
"1020","Luxembourg",6,"sustainable development"
"1021","Macao",6,"sustainable development"
"1022","Madagascar",6,"sustainable development"
"1023","Malawi",6,"sustainable development"
"1024","Sudan",6,"sustainable development"
"1025","Armenia",5,"sustainable development"
"1026","Burkina Faso",5,"sustainable development"
"1027","Cambodia",5,"sustainable development"
"1028","Cote d'Ivoire",5,"sustainable development"
"1029","Estonia",5,"sustainable development"
"1030","Iceland",5,"sustainable development"
"1031","Macedonia",5,"sustainable development"
"1032","Mauritius",5,"sustainable development"
"1033","Palestine",5,"sustainable development"
"1034","Uzbekistan",5,"sustainable development"
"1035","Albania",4,"sustainable development"
"1036","Bahrain",4,"sustainable development"
"1037","Laos",4,"sustainable development"
"1038","Mali",4,"sustainable development"
"1039","Azerbaijan",3,"sustainable development"
"1040","Bosnia and Herzegovina",3,"sustainable development"
"1041","French Polynesia",3,"sustainable development"
"1042","Mozambique",3,"sustainable development"
"1043","Angola",2,"sustainable development"
"1044","Barbados",2,"sustainable development"
"1045","Bhutan",2,"sustainable development"
"1046","Bolivia",2,"sustainable development"
"1047","Guyana",2,"sustainable development"
"1048","Honduras",2,"sustainable development"
"1049","Liechtenstein",2,"sustainable development"
"1050","Namibia",2,"sustainable development"
"1051","Nicaragua",2,"sustainable development"
"1052","Papua New Guinea",2,"sustainable development"
"1053","Puerto Rico",2,"sustainable development"
"1054","Qatar",2,"sustainable development"
"1055","Swaziland",2,"sustainable development"
"1056","Uruguay",2,"sustainable development"
"1057","Vanuatu",2,"sustainable development"
"1058","Belarus",1,"sustainable development"
"1059","Benin",1,"sustainable development"
"1060","Brunei Darussalam",1,"sustainable development"
"1061","Burundi",1,"sustainable development"
"1062","Congo",1,"sustainable development"
"1063","Dominican Republic",1,"sustainable development"
"1064","El Salvador",1,"sustainable development"
"1065","Gabon",1,"sustainable development"
"1066","Greenland",1,"sustainable development"
"1067","Guatemala",1,"sustainable development"
"1068","Iraq",1,"sustainable development"
"1069","Kyrgyzstan",1,"sustainable development"
"1070","Moldova",1,"sustainable development"
"1071","Monaco",1,"sustainable development"
"1072","Mongolia",1,"sustainable development"
"1073","Montenegro",1,"sustainable development"
"1074","Myanmar",1,"sustainable development"
"1075","Niger",1,"sustainable development"
"1076","Panama",1,"sustainable development"
"1077","Paraguay",1,"sustainable development"
"1078","Reunion",1,"sustainable development"
"1079","Saint Lucia",1,"sustainable development"
"1080","Suriname",1,"sustainable development"
"1081","Togo",1,"sustainable development"
"1082","Yugoslavia",1,"sustainable development"
"1083","Zambia",1,"sustainable development"
"1084","Undefined",339,"sustainable development"
"1085","United States",1924,"biomaterials"
"1086","China",1458,"biomaterials"
"1087","Japan",587,"biomaterials"
"1088","Germany",567,"biomaterials"
"1089","United Kingdom",412,"biomaterials"
"1090","Italy",387,"biomaterials"
"1091","Brazil",373,"biomaterials"
"1092","India",365,"biomaterials"
"1093","South Korea",347,"biomaterials"
"1094","France",316,"biomaterials"
"1095","Spain",301,"biomaterials"
"1096","Canada",271,"biomaterials"
"1097","Poland",258,"biomaterials"
"1098","Australia",218,"biomaterials"
"1099","Portugal",214,"biomaterials"
"1100","Netherlands",155,"biomaterials"
"1101","Switzerland",149,"biomaterials"
"1102","Turkey",135,"biomaterials"
"1103","Taiwan",129,"biomaterials"
"1104","Singapore",125,"biomaterials"
"1105","Romania",117,"biomaterials"
"1106","Belgium",88,"biomaterials"
"1107","Sweden",87,"biomaterials"
"1108","Iran",83,"biomaterials"
"1109","Russian Federation",82,"biomaterials"
"1110","Mexico",77,"biomaterials"
"1111","Hong Kong",75,"biomaterials"
"1112","Austria",73,"biomaterials"
"1113","Malaysia",72,"biomaterials"
"1114","Ireland",61,"biomaterials"
"1115","Egypt",53,"biomaterials"
"1116","Greece",51,"biomaterials"
"1117","Thailand",49,"biomaterials"
"1118","Argentina",46,"biomaterials"
"1119","Czech Republic",46,"biomaterials"
"1120","Israel",43,"biomaterials"
"1121","Saudi Arabia",43,"biomaterials"
"1122","Finland",41,"biomaterials"
"1123","Denmark",37,"biomaterials"
"1124","Colombia",31,"biomaterials"
"1125","New Zealand",26,"biomaterials"
"1126","Norway",25,"biomaterials"
"1127","Serbia",24,"biomaterials"
"1128","Bulgaria",21,"biomaterials"
"1129","Chile",20,"biomaterials"
"1130","Hungary",19,"biomaterials"
"1131","Pakistan",16,"biomaterials"
"1132","Slovakia",16,"biomaterials"
"1133","South Africa",16,"biomaterials"
"1134","Slovenia",13,"biomaterials"
"1135","Tunisia",12,"biomaterials"
"1136","Cuba",11,"biomaterials"
"1137","Ukraine",11,"biomaterials"
"1138","Algeria",10,"biomaterials"
"1139","Indonesia",9,"biomaterials"
"1140","Morocco",8,"biomaterials"
"1141","Nigeria",8,"biomaterials"
"1142","Croatia",7,"biomaterials"
"1143","Nepal",7,"biomaterials"
"1144","Venezuela",7,"biomaterials"
"1145","Latvia",6,"biomaterials"
"1146","Viet Nam",6,"biomaterials"
"1147","Lithuania",5,"biomaterials"
"1148","United Arab Emirates",5,"biomaterials"
"1149","Liechtenstein",4,"biomaterials"
"1150","Yugoslavia",4,"biomaterials"
"1151","Bangladesh",3,"biomaterials"
"1152","Belarus",3,"biomaterials"
"1153","Ecuador",3,"biomaterials"
"1154","Ethiopia",3,"biomaterials"
"1155","Kuwait",3,"biomaterials"
"1156","Luxembourg",3,"biomaterials"
"1157","Qatar",3,"biomaterials"
"1158","Uruguay",3,"biomaterials"
"1159","Albania",2,"biomaterials"
"1160","Estonia",2,"biomaterials"
"1161","Iraq",2,"biomaterials"
"1162","Jordan",2,"biomaterials"
"1163","Lebanon",2,"biomaterials"
"1164","Macao",2,"biomaterials"
"1165","Peru",2,"biomaterials"
"1166","Philippines",2,"biomaterials"
"1167","Armenia",1,"biomaterials"
"1168","Bahrain",1,"biomaterials"
"1169","Bosnia and Herzegovina",1,"biomaterials"
"1170","Costa Rica",1,"biomaterials"
"1171","Cote d'Ivoire",1,"biomaterials"
"1172","Georgia",1,"biomaterials"
"1173","Iceland",1,"biomaterials"
"1174","Jamaica",1,"biomaterials"
"1175","Kazakhstan",1,"biomaterials"
"1176","Kyrgyzstan",1,"biomaterials"
"1177","Libyan Arab Jamahiriya",1,"biomaterials"
"1178","Mauritius",1,"biomaterials"
"1179","Moldova",1,"biomaterials"
"1180","Oman",1,"biomaterials"
"1181","Palestine",1,"biomaterials"
"1182","Puerto Rico",1,"biomaterials"
"1183","Syrian Arab Republic",1,"biomaterials"
"1184","Uzbekistan",1,"biomaterials"
"1185","Undefined",150,"biomaterials"
"1186","United States",2968,"biofuels"
"1187","China",588,"biofuels"
"1188","United Kingdom",501,"biofuels"
"1189","Germany",466,"biofuels"
"1190","Brazil",464,"biofuels"
"1191","India",391,"biofuels"
"1192","France",308,"biofuels"
"1193","Canada",303,"biofuels"
"1194","Sweden",299,"biofuels"
"1195","Italy",285,"biofuels"
"1196","Netherlands",275,"biofuels"
"1197","Spain",254,"biofuels"
"1198","Japan",240,"biofuels"
"1199","Australia",221,"biofuels"
"1200","Malaysia",159,"biofuels"
"1201","Finland",153,"biofuels"
"1202","South Korea",138,"biofuels"
"1203","Denmark",125,"biofuels"
"1204","Austria",111,"biofuels"
"1205","Belgium",102,"biofuels"
"1206","Poland",102,"biofuels"
"1207","Switzerland",97,"biofuels"
"1208","Mexico",88,"biofuels"
"1209","Ireland",87,"biofuels"
"1210","Greece",85,"biofuels"
"1211","Taiwan",85,"biofuels"
"1212","South Africa",84,"biofuels"
"1213","Turkey",81,"biofuels"
"1214","Czech Republic",79,"biofuels"
"1215","Russian Federation",65,"biofuels"
"1216","Singapore",62,"biofuels"
"1217","Colombia",61,"biofuels"
"1218","Portugal",58,"biofuels"
"1219","Thailand",57,"biofuels"
"1220","New Zealand",56,"biofuels"
"1221","Norway",53,"biofuels"
"1222","Lithuania",49,"biofuels"
"1223","Indonesia",47,"biofuels"
"1224","Romania",39,"biofuels"
"1225","Saudi Arabia",37,"biofuels"
"1226","Hungary",36,"biofuels"
"1227","Nigeria",34,"biofuels"
"1228","Slovakia",34,"biofuels"
"1229","Israel",33,"biofuels"
"1230","Argentina",29,"biofuels"
"1231","Iran",27,"biofuels"
"1232","Philippines",23,"biofuels"
"1233","Latvia",22,"biofuels"
"1234","Pakistan",22,"biofuels"
"1235","Hong Kong",19,"biofuels"
"1236","Kenya",19,"biofuels"
"1237","Chile",18,"biofuels"
"1238","Ukraine",18,"biofuels"
"1239","Egypt",17,"biofuels"
"1240","Cuba",14,"biofuels"
"1241","Serbia",14,"biofuels"
"1242","Estonia",12,"biofuels"
"1243","Ethiopia",12,"biofuels"
"1244","Slovenia",12,"biofuels"
"1245","Bangladesh",11,"biofuels"
"1246","Belarus",11,"biofuels"
"1247","Ghana",11,"biofuels"
"1248","United Arab Emirates",10,"biofuels"
"1249","Bulgaria",9,"biofuels"
"1250","Croatia",8,"biofuels"
"1251","Oman",7,"biofuels"
"1252","Tunisia",7,"biofuels"
"1253","Algeria",6,"biofuels"
"1254","Burkina Faso",6,"biofuels"
"1255","Nepal",6,"biofuels"
"1256","Qatar",6,"biofuels"
"1257","Viet Nam",6,"biofuels"
"1258","Lebanon",5,"biofuels"
"1259","Sri Lanka",5,"biofuels"
"1260","Tanzania",5,"biofuels"
"1261","Zambia",5,"biofuels"
"1262","Zimbabwe",5,"biofuels"
"1263","Botswana",4,"biofuels"
"1264","Iraq",4,"biofuels"
"1265","Jordan",4,"biofuels"
"1266","Kazakhstan",4,"biofuels"
"1267","Peru",4,"biofuels"
"1268","Puerto Rico",4,"biofuels"
"1269","Fiji",3,"biofuels"
"1270","Luxembourg",3,"biofuels"
"1271","Malawi",3,"biofuels"
"1272","Panama",3,"biofuels"
"1273","Sudan",3,"biofuels"
"1274","Uganda",3,"biofuels"
"1275","Armenia",2,"biofuels"
"1276","Benin",2,"biofuels"
"1277","Brunei Darussalam",2,"biofuels"
"1278","Iceland",2,"biofuels"
"1279","Kuwait",2,"biofuels"
"1280","Mauritius",2,"biofuels"
"1281","Moldova",2,"biofuels"
"1282","Mozambique",2,"biofuels"
"1283","Albania",1,"biofuels"
"1284","Angola",1,"biofuels"
"1285","Bosnia and Herzegovina",1,"biofuels"
"1286","Cambodia",1,"biofuels"
"1287","Cameroon",1,"biofuels"
"1288","Cyprus",1,"biofuels"
"1289","Dominican Republic",1,"biofuels"
"1290","Ecuador",1,"biofuels"
"1291","Eritrea",1,"biofuels"
"1292","Guatemala",1,"biofuels"
"1293","Honduras",1,"biofuels"
"1294","Kyrgyzstan",1,"biofuels"
"1295","Laos",1,"biofuels"
"1296","Madagascar",1,"biofuels"
"1297","Malta",1,"biofuels"
"1298","Morocco",1,"biofuels"
"1299","Senegal",1,"biofuels"
"1300","Somalia",1,"biofuels"
"1301","Syrian Arab Republic",1,"biofuels"
"1302","Togo",1,"biofuels"
"1303","Uzbekistan",1,"biofuels"
"1304","Undefined",160,"biofuels"
"1305","China",2580,"nanomaterials"
"1306","United States",1629,"nanomaterials"
"1307","India",596,"nanomaterials"
"1308","South Korea",472,"nanomaterials"
"1309","Japan",406,"nanomaterials"
"1310","Germany",368,"nanomaterials"
"1311","France",337,"nanomaterials"
"1312","United Kingdom",320,"nanomaterials"
"1313","Italy",279,"nanomaterials"
"1314","Russian Federation",231,"nanomaterials"
"1315","Poland",206,"nanomaterials"
"1316","Iran",193,"nanomaterials"
"1317","Spain",180,"nanomaterials"
"1318","Canada",175,"nanomaterials"
"1319","Taiwan",174,"nanomaterials"
"1320","Singapore",143,"nanomaterials"
"1321","Australia",132,"nanomaterials"
"1322","Switzerland",106,"nanomaterials"
"1323","Brazil",103,"nanomaterials"
"1324","Hong Kong",90,"nanomaterials"
"1325","Mexico",88,"nanomaterials"
"1326","Turkey",88,"nanomaterials"
"1327","Malaysia",87,"nanomaterials"
"1328","Romania",86,"nanomaterials"
"1329","Sweden",86,"nanomaterials"
"1330","Netherlands",81,"nanomaterials"
"1331","Saudi Arabia",72,"nanomaterials"
"1332","Israel",67,"nanomaterials"
"1333","Portugal",65,"nanomaterials"
"1334","Egypt",62,"nanomaterials"
"1335","Belgium",54,"nanomaterials"
"1336","Denmark",54,"nanomaterials"
"1337","Austria",52,"nanomaterials"
"1338","Ukraine",46,"nanomaterials"
"1339","Finland",44,"nanomaterials"
"1340","Czech Republic",43,"nanomaterials"
"1341","Ireland",43,"nanomaterials"
"1342","South Africa",43,"nanomaterials"
"1343","Greece",42,"nanomaterials"
"1344","Thailand",36,"nanomaterials"
"1345","Argentina",32,"nanomaterials"
"1346","Norway",28,"nanomaterials"
"1347","Serbia",27,"nanomaterials"
"1348","Pakistan",26,"nanomaterials"
"1349","Slovenia",26,"nanomaterials"
"1350","Belarus",22,"nanomaterials"
"1351","Chile",18,"nanomaterials"
"1352","Hungary",18,"nanomaterials"
"1353","Slovakia",18,"nanomaterials"
"1354","Colombia",16,"nanomaterials"
"1355","New Zealand",16,"nanomaterials"
"1356","Bulgaria",15,"nanomaterials"
"1357","Viet Nam",15,"nanomaterials"
"1358","Algeria",14,"nanomaterials"
"1359","Lithuania",13,"nanomaterials"
"1360","Croatia",12,"nanomaterials"
"1361","Tunisia",12,"nanomaterials"
"1362","Nigeria",10,"nanomaterials"
"1363","Cyprus",9,"nanomaterials"
"1364","Kazakhstan",9,"nanomaterials"
"1365","Latvia",7,"nanomaterials"
"1366","Qatar",7,"nanomaterials"
"1367","Indonesia",5,"nanomaterials"
"1368","Oman",5,"nanomaterials"
"1369","United Arab Emirates",5,"nanomaterials"
"1370","Kuwait",4,"nanomaterials"
"1371","Moldova",4,"nanomaterials"
"1372","Morocco",4,"nanomaterials"
"1373","Philippines",4,"nanomaterials"
"1374","Cuba",3,"nanomaterials"
"1375","Ecuador",3,"nanomaterials"
"1376","Estonia",3,"nanomaterials"
"1377","Georgia",3,"nanomaterials"
"1378","Azerbaijan",2,"nanomaterials"
"1379","Barbados",2,"nanomaterials"
"1380","Cameroon",2,"nanomaterials"
"1381","Ethiopia",2,"nanomaterials"
"1382","Kyrgyzstan",2,"nanomaterials"
"1383","Nepal",2,"nanomaterials"
"1384","North Korea",2,"nanomaterials"
"1385","Peru",2,"nanomaterials"
"1386","Senegal",2,"nanomaterials"
"1387","Bahrain",1,"nanomaterials"
"1388","Bangladesh",1,"nanomaterials"
"1389","Dominica",1,"nanomaterials"
"1390","Guadeloupe",1,"nanomaterials"
"1391","Iraq",1,"nanomaterials"
"1392","Lebanon",1,"nanomaterials"
"1393","Luxembourg",1,"nanomaterials"
"1394","Macedonia",1,"nanomaterials"
"1395","Malawi",1,"nanomaterials"
"1396","Sudan",1,"nanomaterials"
"1397","United States Minor Outlying Islands",1,"nanomaterials"
"1398","Uruguay",1,"nanomaterials"
"1399","Uzbekistan",1,"nanomaterials"
"1400","Venezuela",1,"nanomaterials"
"1401","Undefined",116,"nanomaterials"
"1402","Germany",27,"bioeconomy"
"1403","United Kingdom",26,"bioeconomy"
"1404","United States",20,"bioeconomy"
"1405","Italy",9,"bioeconomy"
"1406","Netherlands",8,"bioeconomy"
"1407","Australia",7,"bioeconomy"
"1408","Canada",6,"bioeconomy"
"1409","Sweden",6,"bioeconomy"
"1410","China",5,"bioeconomy"
"1411","Switzerland",5,"bioeconomy"
"1412","Denmark",4,"bioeconomy"
"1413","Spain",4,"bioeconomy"
"1414","Austria",3,"bioeconomy"
"1415","Belgium",3,"bioeconomy"
"1416","Finland",3,"bioeconomy"
"1417","France",3,"bioeconomy"
"1418","Norway",3,"bioeconomy"
"1419","Poland",3,"bioeconomy"
"1420","Brazil",2,"bioeconomy"
"1421","Greece",2,"bioeconomy"
"1422","Ireland",2,"bioeconomy"
"1423","Mexico",2,"bioeconomy"
"1424","Romania",2,"bioeconomy"
"1425","Taiwan",2,"bioeconomy"
"1426","Argentina",1,"bioeconomy"
"1427","Iceland",1,"bioeconomy"
"1428","Indonesia",1,"bioeconomy"
"1429","Japan",1,"bioeconomy"
"1430","Malaysia",1,"bioeconomy"
"1431","New Zealand",1,"bioeconomy"
"1432","Saudi Arabia",1,"bioeconomy"
"1433","Slovenia",1,"bioeconomy"
"1434","South Korea",1,"bioeconomy"
"1435","Thailand",1,"bioeconomy"
"1436","Tunisia",1,"bioeconomy"
"1437","Turkey",1,"bioeconomy"
"1438","Venezuela",1,"bioeconomy"
"1439","Undefined",3,"bioeconomy"
"1440","United States",71,"biobanking"
"1441","United Kingdom",35,"biobanking"
"1442","Germany",33,"biobanking"
"1443","Canada",24,"biobanking"
"1444","Italy",24,"biobanking"
"1445","Australia",17,"biobanking"
"1446","Netherlands",14,"biobanking"
"1447","France",8,"biobanking"
"1448","Sweden",8,"biobanking"
"1449","Austria",7,"biobanking"
"1450","Spain",7,"biobanking"
"1451","Belgium",6,"biobanking"
"1452","Turkey",5,"biobanking"
"1453","Denmark",4,"biobanking"
"1454","Hungary",4,"biobanking"
"1455","Norway",4,"biobanking"
"1456","South Africa",4,"biobanking"
"1457","Switzerland",4,"biobanking"
"1458","Czech Republic",3,"biobanking"
"1459","Greece",3,"biobanking"
"1460","Ireland",3,"biobanking"
"1461","Jordan",3,"biobanking"
"1462","New Zealand",3,"biobanking"
"1463","China",2,"biobanking"
"1464","India",2,"biobanking"
"1465","Portugal",2,"biobanking"
"1466","Brazil",1,"biobanking"
"1467","Cameroon",1,"biobanking"
"1468","Finland",1,"biobanking"
"1469","Ghana",1,"biobanking"
"1470","Lithuania",1,"biobanking"
"1471","Malaysia",1,"biobanking"
"1472","Niger",1,"biobanking"
"1473","Poland",1,"biobanking"
"1474","Puerto Rico",1,"biobanking"
"1475","Russian Federation",1,"biobanking"
"1476","Uganda",1,"biobanking"
"1477","Undefined",8,"biobanking"
"1478","Turkey",672,"Black Sea"
"1479","Ukraine",300,"Black Sea"
"1480","Russian Federation",262,"Black Sea"
"1481","Romania",224,"Black Sea"
"1482","United States",199,"Black Sea"
"1483","Bulgaria",187,"Black Sea"
"1484","Germany",127,"Black Sea"
"1485","United Kingdom",109,"Black Sea"
"1486","France",89,"Black Sea"
"1487","Greece",67,"Black Sea"
"1488","Italy",63,"Black Sea"
"1489","Netherlands",50,"Black Sea"
"1490","Canada",44,"Black Sea"
"1491","Belgium",37,"Black Sea"
"1492","Switzerland",35,"Black Sea"
"1493","Spain",30,"Black Sea"
"1494","Japan",24,"Black Sea"
"1495","Georgia",23,"Black Sea"
"1496","Austria",21,"Black Sea"
"1497","China",21,"Black Sea"
"1498","Norway",21,"Black Sea"
"1499","Denmark",19,"Black Sea"
"1500","Poland",11,"Black Sea"
"1501","Portugal",11,"Black Sea"
"1502","South Korea",10,"Black Sea"
"1503","Sweden",10,"Black Sea"
"1504","Australia",9,"Black Sea"
"1505","Ireland",8,"Black Sea"
"1506","Israel",8,"Black Sea"
"1507","Finland",7,"Black Sea"
"1508","Iran",7,"Black Sea"
"1509","Croatia",5,"Black Sea"
"1510","Czech Republic",5,"Black Sea"
"1511","Malaysia",5,"Black Sea"
"1512","Mexico",5,"Black Sea"
"1513","Monaco",5,"Black Sea"
"1514","Belarus",4,"Black Sea"
"1515","Brazil",3,"Black Sea"
"1516","Cyprus",3,"Black Sea"
"1517","Egypt",3,"Black Sea"
"1518","Hungary",3,"Black Sea"
"1519","Lithuania",3,"Black Sea"
"1520","Luxembourg",3,"Black Sea"
"1521","Moldova",3,"Black Sea"
"1522","Morocco",3,"Black Sea"
"1523","South Africa",3,"Black Sea"
"1524","Taiwan",3,"Black Sea"
"1525","Azerbaijan",2,"Black Sea"
"1526","Colombia",2,"Black Sea"
"1527","Macedonia",2,"Black Sea"
"1528","Malta",2,"Black Sea"
"1529","Montenegro",2,"Black Sea"
"1530","Oman",2,"Black Sea"
"1531","Serbia",2,"Black Sea"
"1532","Slovakia",2,"Black Sea"
"1533","Uzbekistan",2,"Black Sea"
"1534","Albania",1,"Black Sea"
"1535","Algeria",1,"Black Sea"
"1536","Argentina",1,"Black Sea"
"1537","Armenia",1,"Black Sea"
"1538","Chile",1,"Black Sea"
"1539","Cuba",1,"Black Sea"
"1540","Iraq",1,"Black Sea"
"1541","Lebanon",1,"Black Sea"
"1542","Mozambique",1,"Black Sea"
"1543","New Zealand",1,"Black Sea"
"1544","Nigeria",1,"Black Sea"
"1545","Saudi Arabia",1,"Black Sea"
"1546","Slovenia",1,"Black Sea"
"1547","Trinidad and Tobago",1,"Black Sea"
"1548","United Arab Emirates",1,"Black Sea"
"1549","Yugoslavia",1,"Black Sea"
"1550","Undefined",52,"Black Sea"
